customer_id,age,gender,membership_type,registration_date,age_group,registration_year,segment,predicted_ltv
1,42,M,Gold,2023-01-01,36-50,2023,1,1243.2333103034478
2,32,F,Bronze,2023-01-02,26-35,2023,0,533.8342237399571
3,44,M,Bronze,2023-01-03,36-50,2023,2,5781.652741953125
4,57,F,Bronze,2023-01-04,50+,2023,0,1408.3934322314199
5,31,M,Platinum,2023-01-05,26-35,2023,1,2149.735079605915
6,31,M,Gold,2023-01-06,26-35,2023,0,2100.8863953136
7,58,M,Bronze,2023-01-07,50+,2023,3,4804.971162072945
8,46,M,Bronze,2023-01-08,36-50,2023,3,2357.2659265782895
9,27,F,Bronze,2023-01-09,26-35,2023,1,816.9415790096665
10,43,M,Gold,2023-01-10,36-50,2023,2,4704.565418770304
11,28,F,Silver,2023-01-11,26-35,2023,0,1372.1263116703599
12,28,M,Bronze,2023-01-12,26-35,2023,2,7685.317029473532
13,38,M,Bronze,2023-01-13,36-50,2023,3,9894.458960384261
14,18,M,Bronze,2023-01-14,18-25,2023,0,1688.849339805599
15,18,F,Silver,2023-01-15,18-25,2023,2,6791.642040185203
16,26,M,Gold,2023-01-16,26-35,2023,2,8965.98774396897
17,19,F,Bronze,2023-01-17,18-25,2023,0,1009.7638572665118
18,39,F,Bronze,2023-01-18,36-50,2023,3,2212.5859249725236
19,21,F,Bronze,2023-01-19,18-25,2023,3,3783.519717715083
20,18,F,Platinum,2023-01-20,18-25,2023,0,3454.566588992261
21,56,F,Bronze,2023-01-21,50+,2023,3,1962.777080989485
22,31,F,Gold,2023-01-22,26-35,2023,2,11429.292506283273
23,36,F,Silver,2023-01-23,36-50,2023,1,150.65896483427665
24,18,F,Bronze,2023-01-24,18-25,2023,0,1085.2766085715941
25,26,F,Bronze,2023-01-25,26-35,2023,0,684.6454745990408
26,36,M,Bronze,2023-01-26,36-50,2023,0,82.88186257464682
27,18,M,Silver,2023-01-27,18-25,2023,0,1764.206672346059
28,40,M,Gold,2023-01-28,36-50,2023,1,533.8342237399571
29,25,M,Silver,2023-01-29,18-25,2023,0,564.7813243595895
30,30,M,Silver,2023-01-30,26-35,2023,2,10371.966129651575
31,25,F,Bronze,2023-01-31,18-25,2023,3,7835.042877620489
32,62,F,Platinum,2023-02-01,50+,2023,3,2185.546875990071
33,34,F,Gold,2023-02-02,26-35,2023,3,3742.4235154102394
34,19,F,Bronze,2023-02-03,18-25,2023,1,1037.0238086980291
35,47,F,Platinum,2023-02-04,36-50,2023,0,1862.1906101166533
36,18,F,Silver,2023-02-05,18-25,2023,2,7143.454334586653
37,38,F,Silver,2023-02-06,36-50,2023,2,7271.924291750323
38,18,M,Gold,2023-02-07,18-25,2023,0,444.4322604011129
39,18,M,Gold,2023-02-08,18-25,2023,1,261.923398148726
40,37,M,Silver,2023-02-09,36-50,2023,1,673.0737305618283
41,46,M,Bronze,2023-02-10,36-50,2023,1,2329.6516061375323
42,37,F,Bronze,2023-02-11,36-50,2023,0,1857.8541301340238
43,33,F,Platinum,2023-02-12,26-35,2023,2,8291.607754637804
44,30,F,Bronze,2023-02-13,26-35,2023,2,8544.158728476243
45,18,M,Bronze,2023-02-14,18-25,2023,1,353.1388916387236
46,24,F,Silver,2023-02-15,18-25,2023,0,2617.015343288063
47,28,F,Silver,2023-02-16,26-35,2023,1,1629.2152338083738
48,50,F,Silver,2023-02-17,36-50,2023,2,12718.578799846788
49,40,M,Platinum,2023-02-18,36-50,2023,2,4661.548979356501
50,18,F,Bronze,2023-02-19,18-25,2023,0,720.532708227635
51,39,M,Bronze,2023-02-20,36-50,2023,0,779.2847077994833
52,29,M,Bronze,2023-02-21,26-35,2023,3,9271.375048678177
53,24,M,Gold,2023-02-22,18-25,2023,1,2861.588846608206
54,44,M,Silver,2023-02-23,36-50,2023,0,1055.1040624955413
55,50,F,Bronze,2023-02-24,36-50,2023,2,7196.834046735612
56,48,M,Gold,2023-02-25,36-50,2023,3,5482.193692486511
57,22,M,Gold,2023-02-26,18-25,2023,2,11140.836861179474
58,30,F,Gold,2023-02-27,26-35,2023,0,825.2401231175438
59,39,F,Platinum,2023-02-28,36-50,2023,2,5688.791600137812
60,49,M,Bronze,2023-03-01,36-50,2023,0,2973.866293069561
61,27,F,Gold,2023-03-02,26-35,2023,1,3176.5131014650533
62,32,M,Silver,2023-03-03,26-35,2023,1,1421.7610790071267
63,18,M,Gold,2023-03-04,18-25,2023,1,1723.9271226093008
64,18,M,Gold,2023-03-05,18-25,2023,0,1887.424126617726
65,47,M,Gold,2023-03-06,36-50,2023,0,4724.216236657213
66,55,F,Silver,2023-03-07,50+,2023,3,1359.1958014152115
67,33,M,Bronze,2023-03-08,26-35,2023,0,304.4412870733157
68,50,F,Silver,2023-03-09,36-50,2023,2,9469.727324973139
69,40,F,Platinum,2023-03-10,36-50,2023,0,1078.3866814644027
70,25,F,Platinum,2023-03-11,18-25,2023,1,846.1390641881516
71,40,F,Bronze,2023-03-12,36-50,2023,0,1071.2739004617522
72,58,M,Bronze,2023-03-13,50+,2023,0,3198.2646652136755
73,34,F,Bronze,2023-03-14,26-35,2023,3,7427.73309692978
74,58,M,Gold,2023-03-15,50+,2023,1,807.2014221967607
75,18,F,Gold,2023-03-16,18-25,2023,1,617.6187682739088
76,47,F,Bronze,2023-03-17,36-50,2023,0,1665.454577962578
77,36,M,Silver,2023-03-18,36-50,2023,0,3332.5103686224857
78,30,M,Gold,2023-03-19,26-35,2023,1,2408.7373751959685
79,36,M,Gold,2023-03-20,36-50,2023,2,9903.412519344465
80,18,F,Silver,2023-03-21,18-25,2023,1,3369.6240082476415
81,31,F,Silver,2023-03-22,26-35,2023,0,839.3908274754514
82,40,M,Silver,2023-03-23,36-50,2023,3,6261.372056067068
83,57,M,Bronze,2023-03-24,50+,2023,0,2053.2632447358587
84,27,M,Silver,2023-03-25,26-35,2023,0,3630.3468397066913
85,22,M,Silver,2023-03-26,18-25,2023,0,1265.3679108594804
86,27,F,Gold,2023-03-27,26-35,2023,0,583.7503274297744
87,48,M,Silver,2023-03-28,36-50,2023,3,5310.23924923449
88,39,M,Gold,2023-03-29,36-50,2023,2,8943.073880802442
89,27,M,Bronze,2023-03-30,26-35,2023,3,7605.9970820793
90,42,M,Silver,2023-03-31,36-50,2023,1,904.1732287875741
91,36,F,Bronze,2023-04-01,36-50,2023,1,525.6844820124963
92,49,M,Bronze,2023-04-02,36-50,2023,1,261.923398148726
93,24,F,Gold,2023-04-03,18-25,2023,3,7735.529203857081
94,30,M,Platinum,2023-04-04,26-35,2023,1,1243.2333103034478
95,29,M,Bronze,2023-04-05,26-35,2023,0,720.532708227635
96,18,F,Silver,2023-04-06,18-25,2023,1,541.5475005765246
97,39,M,Gold,2023-04-07,36-50,2023,3,1727.4548996640729
98,38,F,Bronze,2023-04-08,36-50,2023,3,3843.211820862252
99,35,F,Silver,2023-04-09,26-35,2023,2,7612.772516012633
100,31,M,Gold,2023-04-10,26-35,2023,0,1078.7002370746438
101,18,F,Silver,2023-04-11,18-25,2023,3,10179.495060902893
102,28,F,Bronze,2023-04-12,26-35,2023,0,36.53543526449142
103,29,F,Bronze,2023-04-13,26-35,2023,0,1041.1015239803985
104,22,F,Gold,2023-04-14,18-25,2023,3,8764.673083614725
105,32,F,Silver,2023-04-15,26-35,2023,3,7580.394104867011
106,41,F,Bronze,2023-04-16,36-50,2023,3,4205.812721469259
107,63,F,Gold,2023-04-17,50+,2023,2,5816.417939103702
108,37,F,Bronze,2023-04-18,36-50,2023,0,2617.015343288063
109,38,M,Gold,2023-04-19,36-50,2023,3,5336.656304189646
110,33,M,Bronze,2023-04-20,26-35,2023,3,6559.172107620188
111,18,F,Platinum,2023-04-21,18-25,2023,3,6684.564329525797
112,34,M,Bronze,2023-04-22,26-35,2023,2,12379.787806955343
113,35,F,Bronze,2023-04-23,26-35,2023,1,1409.9764245657311
114,71,F,Bronze,2023-04-24,50+,2023,3,3223.1599078206473
115,32,M,Bronze,2023-04-25,26-35,2023,0,1101.7795292766036
116,39,F,Gold,2023-04-26,36-50,2023,0,3778.8158537757017
117,34,F,Platinum,2023-04-27,26-35,2023,2,19610.935172321257
118,18,F,Bronze,2023-04-28,18-25,2023,3,4738.060957208719
119,52,F,Silver,2023-04-29,50+,2023,0,2979.5270006862415
120,46,M,Gold,2023-04-30,36-50,2023,0,1346.1180451002474
121,46,F,Gold,2023-05-01,36-50,2023,0,2158.969449179603
122,21,F,Silver,2023-05-02,18-25,2023,1,3159.965002473466
123,56,F,Bronze,2023-05-03,50+,2023,0,3518.3975738668737
124,18,M,Silver,2023-05-04,18-25,2023,1,2054.3565736059027
125,43,F,Silver,2023-05-05,36-50,2023,0,308.0346765137836
126,67,M,Bronze,2023-05-06,50+,2023,0,1659.2211527803033
127,20,M,Silver,2023-05-07,18-25,2023,1,2437.5214542248705
128,26,F,Bronze,2023-05-08,26-35,2023,0,1226.8630258637381
129,36,F,Gold,2023-05-09,36-50,2023,3,7367.652944385087
130,27,M,Bronze,2023-05-10,26-35,2023,1,2668.654621488789
131,18,F,Silver,2023-05-11,18-25,2023,0,1729.5878302259814
132,36,M,Silver,2023-05-12,36-50,2023,1,1691.410558058994
133,19,M,Silver,2023-05-13,18-25,2023,1,2548.3996508439536
134,42,F,Bronze,2023-05-14,36-50,2023,0,3099.669786317101
135,21,F,Silver,2023-05-15,18-25,2023,2,11142.513938466243
136,58,M,Silver,2023-05-16,50+,2023,0,2433.4437389425007
137,23,M,Silver,2023-05-17,18-25,2023,2,7963.860225768464
138,30,M,Silver,2023-05-18,26-35,2023,0,1373.9208680563897
139,47,M,Silver,2023-05-19,36-50,2023,3,4032.1179091209992
140,18,F,Gold,2023-05-20,18-25,2023,0,2746.454207802449
141,38,F,Bronze,2023-05-21,36-50,2023,0,410.0685022283168
142,54,F,Gold,2023-05-22,50+,2023,0,3538.5668462225526
143,18,F,Silver,2023-05-23,18-25,2023,2,5736.038253463723
144,37,F,Bronze,2023-05-24,36-50,2023,3,4397.074523502014
145,38,M,Bronze,2023-05-25,36-50,2023,1,495.2348694455059
146,46,F,Bronze,2023-05-26,36-50,2023,1,1222.5721867188947
147,18,F,Gold,2023-05-27,18-25,2023,1,1136.895415865307
148,18,F,Gold,2023-05-28,18-25,2023,0,3252.120902873977
149,42,F,Gold,2023-05-29,36-50,2023,0,848.6971174200307
150,39,F,Silver,2023-05-30,36-50,2023,0,1863.7736024509645
151,38,M,Silver,2023-05-31,36-50,2023,0,549.2024341361964
152,40,M,Bronze,2023-06-01,36-50,2023,0,1046.762231597079
153,24,M,Bronze,2023-06-02,18-25,2023,1,1088.5849044308418
154,38,F,Silver,2023-06-03,36-50,2023,1,1355.6068275706768
155,39,M,Bronze,2023-06-04,36-50,2023,1,983.235159604502
156,24,M,Bronze,2023-06-05,18-25,2023,3,3353.3538036357772
157,62,F,Silver,2023-06-06,50+,2023,0,1324.0851221140836
158,42,F,Gold,2023-06-07,36-50,2023,0,3480.46265949586
159,18,F,Platinum,2023-06-08,18-25,2023,1,2668.654621488789
160,44,M,Platinum,2023-06-09,36-50,2023,1,1218.217931834732
161,20,M,Silver,2023-06-10,18-25,2023,3,3642.038791883554
162,46,F,Silver,2023-06-11,36-50,2023,1,909.8339364042549
163,52,F,Silver,2023-06-12,50+,2023,2,14433.82369151342
164,22,M,Gold,2023-06-13,18-25,2023,3,3599.5048680952
165,49,M,Bronze,2023-06-14,36-50,2023,0,2186.27602006244
166,41,F,Silver,2023-06-15,36-50,2023,3,4546.147533325763
167,47,F,Gold,2023-06-16,36-50,2023,0,1347.0999776344793
168,63,M,Bronze,2023-06-17,50+,2023,0,2630.4540007264122
169,31,F,Silver,2023-06-18,26-35,2023,3,2367.00434947734
170,23,M,Silver,2023-06-19,18-25,2023,3,4325.791807216003
171,21,M,Bronze,2023-06-20,18-25,2023,1,1136.895415865307
172,22,M,Bronze,2023-06-21,18-25,2023,1,1245.9772881505578
173,33,M,Bronze,2023-06-22,26-35,2023,2,4412.225976463182
174,40,F,Bronze,2023-06-23,36-50,2023,1,619.2017606082202
175,39,F,Bronze,2023-06-24,36-50,2023,3,3197.9869017251917
176,47,M,Gold,2023-06-25,36-50,2023,3,3603.58258337757
177,35,M,Bronze,2023-06-26,26-35,2023,1,277.16113478531514
178,56,M,Silver,2023-06-27,50+,2023,0,407.16853923805843
179,31,M,Bronze,2023-06-28,26-35,2023,2,5850.263659680246
180,75,M,Platinum,2023-06-29,50+,2023,3,4790.740696952085
181,44,F,Bronze,2023-06-30,36-50,2023,0,2123.7257601333476
182,22,F,Silver,2023-07-01,18-25,2023,1,2630.4540007264122
183,18,F,Gold,2023-07-02,18-25,2023,1,2244.8412946891285
184,42,F,Gold,2023-07-03,36-50,2023,3,8772.63691531136
185,31,M,Bronze,2023-07-04,26-35,2023,0,458.1871767387766
186,45,M,Gold,2023-07-05,36-50,2023,3,3106.009433812294
187,42,M,Silver,2023-07-06,36-50,2023,3,4740.265091965987
188,33,M,Silver,2023-07-07,26-35,2023,1,1397.0780810329807
189,22,M,Bronze,2023-07-08,18-25,2023,1,2548.3996508439536
190,18,F,Bronze,2023-07-09,18-25,2023,0,2314.1105175214434
191,28,M,Gold,2023-07-10,26-35,2023,1,1593.5951600066992
192,47,F,Silver,2023-07-11,36-50,2023,3,3599.5048680952
193,38,F,Silver,2023-07-12,36-50,2023,2,9916.904826595957
194,18,F,Gold,2023-07-13,18-25,2023,1,1242.7955807493558
195,37,F,Gold,2023-07-14,36-50,2023,3,6324.165417837637
196,40,M,Bronze,2023-07-15,36-50,2023,0,987.2517784547211
197,21,F,Silver,2023-07-16,18-25,2023,1,1328.162837396453
198,37,F,Bronze,2023-07-17,36-50,2023,0,721.568431191687
199,35,F,Gold,2023-07-18,26-35,2023,0,538.2526266975797
200,18,M,Silver,2023-07-19,18-25,2023,2,13513.289976006292
201,40,M,Platinum,2023-07-20,36-50,2023,3,6240.88559515788
202,43,M,Bronze,2023-07-21,36-50,2023,3,5076.807903152867
203,51,F,Bronze,2023-07-22,50+,2023,0,1647.5235928850352
204,50,F,Bronze,2023-07-23,36-50,2023,1,1773.9450952451089
205,18,M,Bronze,2023-07-24,18-25,2023,3,4148.324040106218
206,20,F,Bronze,2023-07-25,18-25,2023,1,3250.7351061796066
207,42,M,Platinum,2023-07-26,36-50,2023,3,2109.2181112873895
208,42,M,Bronze,2023-07-27,36-50,2023,0,2668.654621488789
209,42,F,Bronze,2023-07-28,36-50,2023,3,6980.921869866538
210,80,F,Gold,2023-07-29,50+,2023,0,970.2583102723204
211,43,F,Silver,2023-07-30,36-50,2023,0,904.0437356753125
212,52,F,Gold,2023-07-31,50+,2023,2,8756.294736573022
213,49,M,Bronze,2023-08-01,36-50,2023,0,3480.46265949586
214,44,M,Silver,2023-08-02,36-50,2023,3,5422.849050182825
215,30,M,Bronze,2023-08-03,26-35,2023,3,6320.087702555267
216,46,M,Bronze,2023-08-04,36-50,2023,1,2425.0274801621936
217,23,M,Platinum,2023-08-05,18-25,2023,2,9798.55404897418
218,31,F,Bronze,2023-08-06,26-35,2023,0,2603.8027180313393
219,27,M,Silver,2023-08-07,26-35,2023,3,3820.0225994526554
220,36,M,Silver,2023-08-08,36-50,2023,2,7869.123629114585
221,69,M,Bronze,2023-08-09,50+,2023,3,1831.3254324720137
222,18,F,Gold,2023-08-10,18-25,2023,0,48.873208910822186
223,45,F,Bronze,2023-08-11,36-50,2023,1,88.5425701913276
224,18,F,Silver,2023-08-12,18-25,2023,0,417.34823328386966
225,27,F,Platinum,2023-08-13,26-35,2023,3,4353.765012342631
226,51,M,Silver,2023-08-14,50+,2023,0,491.15715416313645
227,35,M,Platinum,2023-08-15,26-35,2023,3,4349.544292826898
228,18,F,Bronze,2023-08-16,18-25,2023,2,6891.518326541165
229,24,F,Silver,2023-08-17,18-25,2023,0,818.279553005049
230,45,M,Bronze,2023-08-18,36-50,2023,0,1890.5453578141085
231,24,M,Gold,2023-08-19,18-25,2023,0,1414.0541398481005
232,38,F,Platinum,2023-08-20,36-50,2023,2,9436.805669033278
233,35,F,Bronze,2023-08-21,26-35,2023,3,5587.535391487212
234,25,F,Silver,2023-08-22,18-25,2023,3,3394.694422060071
235,67,F,Bronze,2023-08-23,50+,2023,3,4217.846092672201
236,44,M,Silver,2023-08-24,36-50,2023,3,2410.3203675302793
237,18,M,Silver,2023-08-25,18-25,2023,3,6324.165417837637
238,37,M,Platinum,2023-08-26,36-50,2023,1,1414.0541398481005
239,25,F,Silver,2023-08-27,18-25,2023,1,3548.807309725438
240,47,F,Bronze,2023-08-28,36-50,2023,1,2058.9239523525393
241,23,M,Bronze,2023-08-29,18-25,2023,0,2750.8924098703005
242,33,M,Bronze,2023-08-30,26-35,2023,0,1133.9689345552943
243,42,M,Bronze,2023-08-31,36-50,2023,1,1944.2579341672454
244,47,M,Bronze,2023-09-01,36-50,2023,2,8205.140987125284
245,18,F,Gold,2023-09-02,18-25,2023,2,8431.881420727943
246,29,M,Silver,2023-09-03,26-35,2023,2,10997.472961750544
247,27,M,Silver,2023-09-04,26-35,2023,1,591.7164700919951
248,25,M,Bronze,2023-09-05,18-25,2023,2,6524.359814034082
249,61,M,Gold,2023-09-06,50+,2023,0,893.4688395260099
250,41,M,Gold,2023-09-07,36-50,2023,0,2239.456193793028
251,18,M,Bronze,2023-09-08,18-25,2023,1,1133.9689345552943
252,48,M,Gold,2023-09-09,36-50,2023,2,7883.524730280101
253,66,F,Silver,2023-09-10,50+,2023,0,2055.203343588286
254,50,F,Bronze,2023-09-11,36-50,2023,0,500.082940653212
255,18,F,Silver,2023-09-12,18-25,2023,3,5456.422350143668
256,27,F,Silver,2023-09-13,26-35,2023,1,2723.0205251839748
257,54,M,Bronze,2023-09-14,50+,2023,0,2754.9701251526703
258,24,F,Platinum,2023-09-15,18-25,2023,1,81.90787326847813
259,41,F,Gold,2023-09-16,36-50,2023,3,3202.0646170075615
260,46,M,Silver,2023-09-17,36-50,2023,1,817.1348206948549
261,21,M,Silver,2023-09-18,18-25,2023,1,5787.313449569806
262,34,F,Silver,2023-09-19,26-35,2023,2,7504.941415417776
263,18,F,Silver,2023-09-20,18-25,2023,0,517.8700702774224
264,19,M,Silver,2023-09-21,18-25,2023,3,4329.869522498372
265,31,F,Bronze,2023-09-22,26-35,2023,0,1567.8136004658647
266,18,M,Silver,2023-09-23,18-25,2023,1,2334.218984884169
267,59,M,Gold,2023-09-24,50+,2023,1,638.3861881179206
268,18,M,Silver,2023-09-25,18-25,2023,1,393.31003746940536
269,28,M,Bronze,2023-09-26,26-35,2023,1,7060.230034010477
270,36,F,Gold,2023-09-27,36-50,2023,0,970.2583102723204
271,56,M,Bronze,2023-09-28,50+,2023,2,4969.317503689219
272,18,M,Bronze,2023-09-29,18-25,2023,1,1216.7046126414377
273,52,F,Bronze,2023-09-30,50+,2023,3,5786.549137680831
274,35,M,Bronze,2023-10-01,26-35,2023,3,6008.113953873514
275,20,F,Gold,2023-10-02,18-25,2023,0,845.0515350921322
276,41,F,Silver,2023-10-03,36-50,2023,0,1248.8940179201284
277,37,F,Bronze,2023-10-04,36-50,2023,3,7303.168367861257
278,25,M,Gold,2023-10-05,18-25,2023,3,1825.2560970838456
279,36,F,Gold,2023-10-06,36-50,2023,0,849.1292503745017
280,29,F,Gold,2023-10-07,26-35,2023,1,822.6022866263473
281,36,M,Bronze,2023-10-08,36-50,2023,0,2565.7378131904275
282,44,F,Silver,2023-10-09,36-50,2023,1,973.1582732625789
283,58,F,Platinum,2023-10-10,50+,2023,1,1015.4245648831926
284,18,F,Gold,2023-10-11,18-25,2023,0,2062.3483892630898
285,66,F,Bronze,2023-10-12,50+,2023,3,6676.675728434292
286,18,F,Bronze,2023-10-13,18-25,2023,2,5694.452307754493
287,32,M,Silver,2023-10-14,26-35,2023,1,3623.9184414450806
288,43,F,Platinum,2023-10-15,36-50,2023,2,5861.791356903207
289,39,F,Silver,2023-10-16,36-50,2023,0,1409.9764245657311
290,25,M,Silver,2023-10-17,18-25,2023,1,2559.1545957710223
291,31,M,Bronze,2023-10-18,26-35,2023,2,5098.719867663645
292,27,M,Silver,2023-10-19,26-35,2023,1,1647.5235928850352
293,26,F,Gold,2023-10-20,26-35,2023,3,3481.182169540818
294,47,M,Bronze,2023-10-21,36-50,2023,3,6275.102392604181
295,40,F,Gold,2023-10-22,36-50,2023,1,2833.157702147178
296,24,F,Platinum,2023-10-23,18-25,2023,3,5714.346568230919
297,48,M,Bronze,2023-10-24,36-50,2023,0,1190.5959053026781
298,39,M,Silver,2023-10-25,36-50,2023,2,10261.317574301427
299,47,F,Bronze,2023-10-26,36-50,2023,2,7397.714039135056
300,44,M,Gold,2023-10-27,36-50,2023,0,2186.27602006244
301,22,F,Silver,2023-10-28,18-25,2023,1,4653.000361288299
302,26,M,Silver,2023-10-29,26-35,2023,1,771.9786868597201
303,46,M,Gold,2023-10-30,36-50,2023,0,2555.0768804886525
304,44,M,Bronze,2023-10-31,36-50,2023,1,88.5425701913276
305,34,F,Platinum,2023-11-01,26-35,2023,1,37.628764134535615
306,36,M,Silver,2023-11-02,36-50,2023,1,818.5245713439779
307,54,F,Bronze,2023-11-03,50+,2023,0,86.4752520151147
308,26,F,Silver,2023-11-04,26-35,2023,0,1372.9454753661962
309,43,F,Gold,2023-11-05,36-50,2023,0,3427.0665513039344
310,31,F,Bronze,2023-11-06,26-35,2023,0,2151.3180719402258
311,31,M,Gold,2023-11-07,26-35,2023,1,2334.218984884169
312,51,F,Platinum,2023-11-08,50+,2023,2,8524.087150470403
313,47,F,Bronze,2023-11-09,36-50,2023,3,5489.384045019362
314,47,M,Platinum,2023-11-10,36-50,2023,1,923.8552772442819
315,54,F,Bronze,2023-11-11,50+,2023,0,2878.64827042347
316,35,M,Bronze,2023-11-12,26-35,2023,3,3698.0279371605047
317,45,F,Bronze,2023-11-13,36-50,2023,1,85.6426072010692
318,30,M,Gold,2023-11-14,26-35,2023,1,3546.663727112251
319,39,F,Silver,2023-11-15,36-50,2023,0,159.4515280803356
320,33,M,Bronze,2023-11-16,26-35,2023,1,539.494931356638
321,36,F,Silver,2023-11-17,36-50,2023,2,5632.545624230276
322,43,F,Silver,2023-11-18,36-50,2023,2,6117.725676781221
323,22,M,Bronze,2023-11-19,18-25,2023,0,806.7186116824096
324,66,M,Gold,2023-11-20,50+,2023,2,6560.034747265228
325,19,M,Gold,2023-11-21,18-25,2023,1,1638.9536567074238
326,18,M,Silver,2023-11-22,18-25,2023,0,1438.2639997121362
327,52,F,Platinum,2023-11-23,50+,2023,3,2989.8095732091615
328,46,F,Silver,2023-11-24,36-50,2023,1,307.20203169973814
329,44,M,Platinum,2023-11-25,36-50,2023,0,3146.4726154512373
330,44,F,Silver,2023-11-26,36-50,2023,3,3450.32308055154
331,34,M,Silver,2023-11-27,26-35,2023,3,5873.150780281773
332,21,M,Bronze,2023-11-28,18-25,2023,2,8680.714822689897
333,36,F,Gold,2023-11-29,36-50,2023,3,4822.454618176894
334,24,F,Silver,2023-11-30,18-25,2023,2,13972.42909671505
335,49,F,Bronze,2023-12-01,36-50,2023,0,2158.969449179603
336,32,F,Bronze,2023-12-02,26-35,2023,1,780.9917377240631
337,22,F,Silver,2023-12-03,18-25,2023,1,2750.8924098703005
338,30,F,Silver,2023-12-04,26-35,2023,2,9139.693697872284
339,41,F,Gold,2023-12-05,36-50,2023,0,902.8943831492389
340,26,M,Gold,2023-12-06,26-35,2023,3,2187.1298683243817
341,22,M,Bronze,2023-12-07,18-25,2023,2,14601.692155528393
342,38,M,Gold,2023-12-08,36-50,2023,2,13449.537766628093
343,38,M,Bronze,2023-12-09,36-50,2023,3,12090.141602724325
344,27,M,Gold,2023-12-10,26-35,2023,1,1246.8732960317252
345,27,F,Gold,2023-12-11,26-35,2023,2,8644.299889005151
346,38,M,Silver,2023-12-12,36-50,2023,0,518.9230782086872
347,18,M,Gold,2023-12-13,18-25,2023,3,4960.341145201542
348,18,M,Bronze,2023-12-14,18-25,2023,2,9953.876136035413
349,24,M,Silver,2023-12-15,18-25,2023,3,3484.266402366243
350,31,M,Gold,2023-12-16,26-35,2023,3,3599.5048680952
351,39,M,Silver,2023-12-17,36-50,2023,2,8131.785755632696
352,57,M,Bronze,2023-12-18,50+,2023,2,5648.54172953041
353,47,F,Silver,2023-12-19,36-50,2023,2,5133.960190770598
354,32,F,Gold,2023-12-20,26-35,2023,2,7086.243214143915
355,34,M,Bronze,2023-12-21,26-35,2023,0,3476.38494421349
356,19,F,Bronze,2023-12-22,18-25,2023,1,699.695332273552
357,34,F,Gold,2023-12-23,26-35,2023,3,5666.600650431771
358,30,F,Gold,2023-12-24,26-35,2023,2,11805.344597144618
359,39,F,Bronze,2023-12-25,36-50,2023,0,822.6022866263473
360,22,M,Bronze,2023-12-26,18-25,2023,2,4513.083225984288
361,42,F,Bronze,2023-12-27,36-50,2023,3,8212.754763262326
362,57,F,Bronze,2023-12-28,50+,2023,1,1347.9179801940454
363,33,F,Silver,2023-12-29,26-35,2023,0,1384.335697630925
364,41,M,Gold,2023-12-30,36-50,2023,1,4357.842727625
365,45,M,Silver,2023-12-31,36-50,2023,3,5987.512768916884
366,28,M,Silver,2024-01-01,26-35,2024,3,3970.257306729267
367,38,M,Bronze,2024-01-02,36-50,2024,1,1401.9968791510762
368,35,M,Gold,2024-01-03,26-35,2024,0,1859.9108097755914
369,36,M,Silver,2024-01-04,36-50,2024,3,3823.1156732810573
370,23,M,Platinum,2024-01-05,18-25,2024,1,1156.0409414960984
371,35,F,Silver,2024-01-06,26-35,2024,2,10241.491435462049
372,42,F,Bronze,2024-01-07,36-50,2024,2,11626.343249190726
373,56,F,Silver,2024-01-08,50+,2024,3,6482.637321566342
374,49,M,Bronze,2024-01-09,36-50,2024,2,5850.263659680246
375,67,M,Silver,2024-01-10,50+,2024,3,7830.065736222903
376,23,M,Bronze,2024-01-11,18-25,2024,0,1038.754644469477
377,48,M,Bronze,2024-01-12,36-50,2024,2,9911.862985608364
378,37,M,Gold,2024-01-13,36-50,2024,0,1835.0179186508917
379,67,F,Bronze,2024-01-14,50+,2024,0,2073.6694742669324
380,22,F,Gold,2024-01-15,18-25,2024,1,844.5618716278651
381,22,M,Bronze,2024-01-16,18-25,2024,3,7136.560063286107
382,26,M,Silver,2024-01-17,26-35,2024,0,1427.4217866238073
383,18,M,Silver,2024-01-18,18-25,2024,3,5072.7301878704975
384,27,M,Silver,2024-01-19,26-35,2024,2,9436.805669033278
385,23,F,Bronze,2024-01-20,18-25,2024,3,6891.850550187461
386,37,M,Bronze,2024-01-21,36-50,2024,0,2027.9817273119947
387,40,M,Bronze,2024-01-22,36-50,2024,3,3252.120902873977
388,63,M,Bronze,2024-01-23,50+,2024,1,37.628764134535615
389,49,M,Silver,2024-01-24,36-50,2024,0,51.77317190108058
390,26,F,Platinum,2024-01-25,26-35,2024,0,587.6387548096257
391,21,M,Gold,2024-01-26,18-25,2024,2,8230.82345251524
392,42,M,Gold,2024-01-27,36-50,2024,0,1011.3468496008231
393,18,F,Gold,2024-01-28,18-25,2024,2,7157.9268586288035
394,62,F,Silver,2024-01-29,50+,2024,3,4925.41968864586
395,52,F,Bronze,2024-01-30,50+,2024,2,8745.8435860897
396,27,M,Platinum,2024-01-31,26-35,2024,3,2414.398082812649
397,18,M,Silver,2024-02-01,18-25,2024,3,2994.159064411414
398,55,F,Silver,2024-02-02,50+,2024,1,942.0233416829456
399,33,F,Bronze,2024-02-03,26-35,2024,2,11498.743008223859
400,53,F,Silver,2024-02-04,50+,2024,0,4353.765012342631
401,18,F,Silver,2024-02-05,18-25,2024,3,3974.3350220116367
402,26,F,Gold,2024-02-06,26-35,2024,0,71.21462419679168
403,35,F,Silver,2024-02-07,26-35,2024,0,2890.149310491201
404,35,M,Bronze,2024-02-08,26-35,2024,3,4890.99666251457
405,28,M,Platinum,2024-02-09,26-35,2024,2,4897.126461212176
406,44,M,Bronze,2024-02-10,36-50,2024,0,2622.6760509047435
407,18,F,Silver,2024-02-11,18-25,2024,3,6794.233239657468
408,32,F,Bronze,2024-02-12,26-35,2024,0,2166.4731292906176
409,36,F,Gold,2024-02-13,36-50,2024,0,71.21462419679168
410,42,F,Platinum,2024-02-14,36-50,2024,1,281.731725248834
411,45,F,Bronze,2024-02-15,36-50,2024,2,8563.292151869993
412,18,F,Gold,2024-02-16,18-25,2024,2,5644.46401424804
413,18,M,Bronze,2024-02-17,18-25,2024,3,4508.256602536931
414,54,M,Platinum,2024-02-18,50+,2024,1,37.628764134535615
415,39,F,Gold,2024-02-19,36-50,2024,0,752.51521146067
416,23,M,Gold,2024-02-20,18-25,2024,3,8202.116914248058
417,58,F,Bronze,2024-02-21,50+,2024,3,7840.70358523717
418,36,M,Platinum,2024-02-22,36-50,2024,0,82.31431290689599
419,52,F,Gold,2024-02-23,50+,2024,2,11045.652003881918
420,36,F,Bronze,2024-02-24,36-50,2024,2,6314.778312050439
421,65,M,Gold,2024-02-25,50+,2024,1,935.1248525658132
422,61,M,Bronze,2024-02-26,50+,2024,1,387.17568720781696
423,31,F,Gold,2024-02-27,26-35,2024,3,2334.8149441986493
424,49,F,Bronze,2024-02-28,36-50,2024,0,1609.9830503003548
425,44,M,Gold,2024-02-29,36-50,2024,0,545.6602490720044
426,55,M,Silver,2024-03-01,50+,2024,1,904.0437356753125
427,20,F,Bronze,2024-03-02,18-25,2024,2,6666.998298282941
428,45,M,Bronze,2024-03-03,36-50,2024,0,1952.3777031837087
429,50,F,Bronze,2024-03-04,36-50,2024,2,15009.936638338851
430,18,F,Silver,2024-03-05,18-25,2024,1,918.9059896026575
431,18,F,Bronze,2024-03-06,18-25,2024,1,1010.857186136556
432,18,F,Silver,2024-03-07,18-25,2024,1,412.7808545372331
433,30,M,Bronze,2024-03-08,26-35,2024,1,1006.7794708541866
434,45,M,Bronze,2024-03-09,36-50,2024,0,85.6426072010692
435,57,M,Gold,2024-03-10,50+,2024,0,782.6895837373888
436,36,M,Bronze,2024-03-11,36-50,2024,2,5809.363444954968
437,59,M,Platinum,2024-03-12,50+,2024,0,3072.267523242339
438,18,M,Gold,2024-03-13,18-25,2024,3,4357.842727625
439,18,M,Silver,2024-03-14,18-25,2024,3,2903.516674785947
440,34,F,Silver,2024-03-15,26-35,2024,2,7125.844046922791
441,40,M,Gold,2024-03-16,36-50,2024,3,6502.941440758842
442,34,M,Bronze,2024-03-17,26-35,2024,0,75.8620121882888
443,18,F,Bronze,2024-03-18,18-25,2024,2,5854.586835345521
444,33,M,Bronze,2024-03-19,26-35,2024,3,3827.193388563427
445,18,M,Gold,2024-03-20,18-25,2024,2,9911.862985608364
446,45,F,Bronze,2024-03-21,36-50,2024,0,211.88730481299103
447,40,M,Silver,2024-03-22,36-50,2024,1,2483.010361344649
448,20,M,Platinum,2024-03-23,18-25,2024,1,1084.017525684205
449,27,M,Gold,2024-03-24,26-35,2024,1,3062.4966540562314
450,19,F,Silver,2024-03-25,18-25,2024,3,3693.950221878135
451,34,M,Bronze,2024-03-26,26-35,2024,1,1647.5235928850352
452,49,M,Gold,2024-03-27,36-50,2024,0,1307.1507841611515
453,20,F,Silver,2024-03-28,18-25,2024,1,5015.50604606805
454,42,M,Bronze,2024-03-29,36-50,2024,2,5670.1708165152895
455,27,F,Bronze,2024-03-30,26-35,2024,0,3456.239620648204
456,23,F,Platinum,2024-03-31,18-25,2024,0,547.2082081932055
457,33,M,Silver,2024-04-01,26-35,2024,0,1347.0999776344793
458,19,F,Gold,2024-04-02,18-25,2024,1,3375.2847158643226
459,26,F,Gold,2024-04-03,26-35,2024,3,5275.90652072796
460,18,M,Silver,2024-04-04,18-25,2024,2,7089.8278649456615
461,64,F,Silver,2024-04-05,50+,2024,3,1609.2575669243754
462,35,F,Silver,2024-04-06,26-35,2024,1,638.3861881179206
463,24,M,Bronze,2024-04-07,18-25,2024,2,8297.268462254486
464,38,M,Silver,2024-04-08,36-50,2024,2,17796.223094684025
465,33,M,Gold,2024-04-09,26-35,2024,3,4814.709584971995
466,31,F,Silver,2024-04-10,26-35,2024,0,2123.7257601333476
467,44,M,Gold,2024-04-11,36-50,2024,0,3480.46265949586
468,46,F,Silver,2024-04-12,36-50,2024,0,1434.1862844297668
469,27,F,Silver,2024-04-13,26-35,2024,0,384.56875170412104
470,26,F,Silver,2024-04-14,26-35,2024,0,68.31466120653327
471,30,F,Silver,2024-04-15,26-35,2024,1,2672.7323367711588
472,18,F,Gold,2024-04-16,18-25,2024,0,1922.8488719609763
473,18,F,Bronze,2024-04-17,18-25,2024,0,418.5098976056858
474,55,F,Silver,2024-04-18,50+,2024,2,8756.294736573022
475,59,M,Bronze,2024-04-19,50+,2024,2,14924.422840878833
476,31,M,Bronze,2024-04-20,26-35,2024,0,79.41434991663759
477,43,F,Silver,2024-04-21,36-50,2024,0,2013.182294479364
478,39,F,Silver,2024-04-22,36-50,2024,0,3018.770776150483
479,80,M,Platinum,2024-04-23,50+,2024,1,155.71679414774457
480,51,F,Silver,2024-04-24,50+,2024,0,1462.2974477428927
481,33,M,Gold,2024-04-25,26-35,2024,3,4095.8458032268136
482,20,M,Silver,2024-04-26,18-25,2024,0,213.95462298920393
483,18,M,Silver,2024-04-27,18-25,2024,1,1097.7018139942343
484,38,F,Bronze,2024-04-28,36-50,2024,0,2055.203343588286
485,23,F,Bronze,2024-04-29,18-25,2024,3,6666.108977897193
486,18,M,Bronze,2024-04-30,18-25,2024,2,8372.577714430985
487,25,M,Silver,2024-05-01,18-25,2024,1,1210.6061754706652
488,18,M,Bronze,2024-05-02,18-25,2024,1,838.9080169611002
489,60,M,Bronze,2024-05-03,50+,2024,3,4779.0503901068
490,48,M,Bronze,2024-05-04,36-50,2024,3,5499.453544898523
491,34,F,Platinum,2024-05-05,26-35,2024,2,3559.3282422390007
492,57,M,Bronze,2024-05-06,50+,2024,1,901.1888423752489
493,36,F,Silver,2024-05-07,36-50,2024,0,2248.9190099714983
494,22,M,Bronze,2024-05-08,18-25,2024,3,4099.923518509182
495,57,F,Silver,2024-05-09,50+,2024,3,4357.842727625
496,43,F,Bronze,2024-05-10,36-50,2024,0,1691.410558058994
497,19,F,Bronze,2024-05-11,18-25,2024,0,496.0414207049836
498,32,F,Silver,2024-05-12,26-35,2024,3,4166.806286956043
499,21,F,Bronze,2024-05-13,18-25,2024,2,9263.605907009116
500,18,F,Bronze,2024-05-14,18-25,2024,0,1609.9830503003548
501,48,M,Bronze,2024-05-15,36-50,2024,0,3761.8587996043734
502,63,F,Bronze,2024-05-16,50+,2024,1,2599.2353392847026
503,18,M,Bronze,2024-05-17,18-25,2024,1,5380.3531076055615
504,43,F,Bronze,2024-05-18,36-50,2024,0,39.296179890913805
505,25,F,Gold,2024-05-19,18-25,2024,1,3406.677319637802
506,27,M,Silver,2024-05-20,26-35,2024,0,85.6426072010692
507,26,F,Silver,2024-05-21,26-35,2024,1,1863.129608647213
508,22,M,Bronze,2024-05-22,18-25,2024,3,3164.1214916735344
509,35,M,Platinum,2024-05-23,26-35,2024,2,13976.506811997418
510,22,M,Bronze,2024-05-24,18-25,2024,1,3599.5048680952
511,39,M,Bronze,2024-05-25,36-50,2024,2,11583.656807263083
512,34,F,Silver,2024-05-26,26-35,2024,1,3197.9869017251917
513,31,F,Bronze,2024-05-27,26-35,2024,3,4215.551144368309
514,21,M,Bronze,2024-05-28,18-25,2024,1,969.7556653604141
515,26,F,Silver,2024-05-29,26-35,2024,3,4550.2252486081325
516,46,F,Gold,2024-05-30,36-50,2024,0,4667.209686973182
517,42,M,Silver,2024-05-31,36-50,2024,3,7818.469480236771
518,20,F,Gold,2024-06-01,18-25,2024,0,674.2605887338839
519,36,M,Platinum,2024-06-02,36-50,2024,1,1356.2745273927742
520,46,M,Bronze,2024-06-03,36-50,2024,1,1841.0238874673855
521,18,F,Bronze,2024-06-04,18-25,2024,0,612.8128269888547
522,43,F,Bronze,2024-06-05,36-50,2024,2,9843.937330280854
523,25,F,Silver,2024-06-06,18-25,2024,1,902.8943831492389
524,43,M,Silver,2024-06-07,36-50,2024,3,2330.7372289162795
525,23,M,Platinum,2024-06-08,18-25,2024,1,7464.273422855277
526,18,F,Gold,2024-06-09,18-25,2024,1,4211.47342908594
527,18,F,Silver,2024-06-10,18-25,2024,0,1585.1616415302917
528,35,F,Bronze,2024-06-11,26-35,2024,0,1613.3207646641713
529,38,F,Gold,2024-06-12,36-50,2024,0,933.7269609169493
530,21,M,Platinum,2024-06-13,18-25,2024,1,638.9076577825379
531,44,F,Gold,2024-06-14,36-50,2024,3,1433.8397858583935
532,18,M,Bronze,2024-06-15,18-25,2024,1,1972.4170056081055
533,34,M,Silver,2024-06-16,26-35,2024,3,6568.910530519239
534,18,F,Bronze,2024-06-17,18-25,2024,2,12506.42329201207
535,25,F,Bronze,2024-06-18,18-25,2024,3,7192.409011873399
536,35,F,Bronze,2024-06-19,26-35,2024,0,48.873208910822186
537,22,M,Silver,2024-06-20,18-25,2024,1,1406.0745944334456
538,29,F,Silver,2024-06-21,26-35,2024,1,844.5618716278651
539,50,F,Bronze,2024-06-22,36-50,2024,0,496.00522537084254
540,26,M,Bronze,2024-06-23,26-35,2024,3,7295.2143296253735
541,47,F,Silver,2024-06-24,36-50,2024,1,1123.1267214669654
542,18,M,Bronze,2024-06-25,18-25,2024,1,1727.8463308538153
543,42,F,Bronze,2024-06-26,36-50,2024,0,953.062613528449
544,56,M,Silver,2024-06-27,50+,2024,0,2466.232142166761
545,18,F,Gold,2024-06-28,18-25,2024,0,1134.8108977414897
546,23,F,Bronze,2024-06-29,18-25,2024,1,2979.5270006862415
547,43,M,Bronze,2024-06-30,36-50,2024,1,1425.0005268671466
548,31,M,Bronze,2024-07-01,26-35,2024,0,1728.0447071289768
549,40,F,Platinum,2024-07-02,36-50,2024,0,1143.9315226861233
550,25,M,Silver,2024-07-03,18-25,2024,2,10857.167173102438
551,36,M,Silver,2024-07-04,36-50,2024,0,2034.9672655371962
552,32,M,Bronze,2024-07-05,26-35,2024,3,3769.96631358624
553,52,M,Silver,2024-07-06,50+,2024,2,8209.218702407652
554,38,F,Bronze,2024-07-07,36-50,2024,1,1133.9689345552943
555,40,F,Silver,2024-07-08,36-50,2024,2,6945.5214802143855
556,28,M,Platinum,2024-07-09,26-35,2024,1,1248.8940179201284
557,27,M,Silver,2024-07-10,26-35,2024,0,4414.1810300534735
558,28,M,Gold,2024-07-11,26-35,2024,3,6275.102392604181
559,40,M,Gold,2024-07-12,36-50,2024,0,1314.667042119007
560,28,F,Bronze,2024-07-13,26-35,2024,1,1328.162837396453
561,39,F,Platinum,2024-07-14,36-50,2024,2,8563.117947978913
562,66,M,Bronze,2024-07-15,50+,2024,0,2776.4891606657866
563,48,M,Silver,2024-07-16,36-50,2024,0,3617.889407044638
564,30,M,Bronze,2024-07-17,26-35,2024,1,604.1339502597984
565,53,F,Bronze,2024-07-18,50+,2024,0,2813.0821830139107
566,28,M,Silver,2024-07-19,26-35,2024,1,1805.2453829014369
567,18,F,Bronze,2024-07-20,18-25,2024,3,6423.367720474893
568,19,M,Silver,2024-07-21,18-25,2024,3,8027.550663363544
569,18,F,Silver,2024-07-22,18-25,2024,0,1241.8995728681884
570,29,M,Bronze,2024-07-23,26-35,2024,2,9460.328605922152
571,35,F,Bronze,2024-07-24,26-35,2024,0,2374.9711942957783
572,60,M,Silver,2024-07-25,50+,2024,2,8985.099193332038
573,39,M,Bronze,2024-07-26,36-50,2024,3,4221.92380795457
574,31,M,Gold,2024-07-27,26-35,2024,1,1952.3777031837087
575,47,F,Silver,2024-07-28,36-50,2024,0,752.51521146067
576,18,M,Gold,2024-07-29,18-25,2024,3,4921.341973363491
577,38,F,Silver,2024-07-30,36-50,2024,1,1414.0541398481005
578,46,F,Silver,2024-07-31,36-50,2024,1,3923.8955201968206
579,18,M,Silver,2024-08-01,18-25,2024,1,1307.1507841611515
580,52,M,Bronze,2024-08-02,50+,2024,3,2966.0669347150388
581,40,M,Bronze,2024-08-03,36-50,2024,3,5489.384045019362
582,28,F,Gold,2024-08-04,26-35,2024,0,258.8330917170837
583,44,M,Silver,2024-08-05,36-50,2024,3,5133.616027310245
584,69,F,Gold,2024-08-06,50+,2024,2,11838.268496406414
585,37,F,Gold,2024-08-07,36-50,2024,0,2820.6517353970066
586,38,M,Gold,2024-08-08,36-50,2024,0,3266.178117414757
587,28,M,Platinum,2024-08-09,26-35,2024,1,3476.5345517774513
588,22,M,Silver,2024-08-10,18-25,2024,2,8828.210478406674
589,47,M,Bronze,2024-08-11,36-50,2024,1,42.1961428811722
590,22,M,Silver,2024-08-12,18-25,2024,0,2163.047164461973
591,36,M,Bronze,2024-08-13,36-50,2024,1,1805.2453829014369
592,27,F,Silver,2024-08-14,26-35,2024,2,10346.345869773124
593,42,F,Gold,2024-08-15,36-50,2024,1,2380.1347429181724
594,40,F,Silver,2024-08-16,36-50,2024,1,42.1961428811722
595,50,M,Bronze,2024-08-17,36-50,2024,3,5264.419759480758
596,27,F,Bronze,2024-08-18,26-35,2024,0,612.8128269888547
597,30,F,Silver,2024-08-19,26-35,2024,1,1643.4458776026659
598,20,F,Bronze,2024-08-20,18-25,2024,2,3466.4036223645858
599,28,F,Gold,2024-08-21,26-35,2024,3,2696.048313407283
600,40,F,Bronze,2024-08-22,36-50,2024,0,4095.8783424333155
601,46,M,Bronze,2024-08-23,36-50,2024,0,931.4848623631109
602,21,M,Bronze,2024-08-24,18-25,2024,1,375.923657675115
603,48,F,Silver,2024-08-25,36-50,2024,1,460.98460808708364
604,55,F,Silver,2024-08-26,50+,2024,2,9829.977827109567
605,41,F,Bronze,2024-08-27,36-50,2024,3,3425.2921800615127
606,63,M,Bronze,2024-08-28,50+,2024,1,2151.3180719402258
607,23,M,Silver,2024-08-29,18-25,2024,2,5403.515582551386
608,18,F,Bronze,2024-08-30,18-25,2024,1,1638.9536567074238
609,18,M,Silver,2024-08-31,18-25,2024,1,1545.2932252190521
610,57,M,Silver,2024-09-01,50+,2024,0,674.2605887338839
611,44,F,Bronze,2024-09-02,36-50,2024,0,1760.035736132506
612,34,M,Bronze,2024-09-03,26-35,2024,1,4802.938123145969
613,39,M,Platinum,2024-09-04,36-50,2024,1,2248.9190099714983
614,18,F,Silver,2024-09-05,18-25,2024,2,9157.169293016557
615,71,M,Silver,2024-09-06,50+,2024,2,5986.581911146985
616,36,M,Bronze,2024-09-07,36-50,2024,3,2059.2810588706557
617,36,F,Silver,2024-09-08,36-50,2024,0,678.9778919941198
618,45,M,Bronze,2024-09-09,36-50,2024,3,4035.1974435147117
619,42,M,Silver,2024-09-10,36-50,2024,0,5146.364239199231
620,38,F,Platinum,2024-09-11,36-50,2024,1,2567.9136282558075
621,23,F,Bronze,2024-09-12,18-25,2024,1,3334.0933609567965
622,42,F,Bronze,2024-09-13,36-50,2024,1,591.7164700919951
623,63,M,Bronze,2024-09-14,50+,2024,2,13661.492447125729
624,55,F,Bronze,2024-09-15,50+,2024,2,5731.9605381813535
625,58,M,Bronze,2024-09-16,50+,2024,0,4796.823385876429
626,27,F,Bronze,2024-09-17,26-35,2024,0,873.8711895992597
627,20,M,Gold,2024-09-18,18-25,2024,1,4865.5429774547065
628,33,F,Silver,2024-09-19,26-35,2024,0,1042.6845163147098
629,35,F,Bronze,2024-09-20,26-35,2024,1,906.9720984316084
630,51,F,Platinum,2024-09-21,50+,2024,1,1962.528495158853
631,18,F,Bronze,2024-09-22,18-25,2024,0,2136.2197341960245
632,57,M,Platinum,2024-09-23,50+,2024,0,1892.100215054282
633,32,F,Bronze,2024-09-24,26-35,2024,3,4397.9302210770675
634,28,F,Gold,2024-09-25,26-35,2024,2,7043.104551775095
635,19,M,Silver,2024-09-26,18-25,2024,3,5865.773873890277
636,18,F,Gold,2024-09-27,18-25,2024,2,7950.671714526041
637,47,M,Platinum,2024-09-28,36-50,2024,1,927.4071470807414
638,36,F,Bronze,2024-09-29,36-50,2024,2,5648.54172953041
639,18,F,Platinum,2024-09-30,18-25,2024,0,3234.5447088601436
640,18,F,Bronze,2024-10-01,18-25,2024,3,6856.951423048434
641,29,M,Bronze,2024-10-02,26-35,2024,2,10425.594381791932
642,60,F,Bronze,2024-10-03,50+,2024,0,5301.829769782263
643,31,F,Silver,2024-10-04,26-35,2024,0,3258.056836574402
644,18,F,Bronze,2024-10-05,18-25,2024,0,86.4752520151147
645,31,M,Silver,2024-10-06,26-35,2024,0,806.8114480034633
646,30,M,Silver,2024-10-07,26-35,2024,2,10426.15606787852
647,18,F,Gold,2024-10-08,18-25,2024,1,2555.0768804886525
648,34,M,Gold,2024-10-09,26-35,2024,0,3995.971485117896
649,31,F,Silver,2024-10-10,26-35,2024,3,4448.174606939286
650,45,F,Bronze,2024-10-11,36-50,2024,3,5808.8922336884625
651,62,F,Bronze,2024-10-12,50+,2024,0,1948.825312913882
652,51,F,Bronze,2024-10-13,50+,2024,1,2306.6466155144317
653,30,F,Bronze,2024-10-14,26-35,2024,2,12719.955308268622
654,18,F,Bronze,2024-10-15,18-25,2024,1,2216.7296046928077
655,73,F,Bronze,2024-10-16,50+,2024,0,818.5245713439779
656,35,M,Platinum,2024-10-17,26-35,2024,1,1659.2211527803033
657,35,M,Silver,2024-10-18,26-35,2024,2,5850.263659680246
658,34,M,Bronze,2024-10-19,26-35,2024,0,691.9431544858937
659,37,M,Silver,2024-10-20,36-50,2024,0,1806.1345005237995
660,32,M,Bronze,2024-10-21,26-35,2024,0,71.21462419679168
661,26,M,Silver,2024-10-22,26-35,2024,1,1222.7853105813688
662,26,M,Silver,2024-10-23,26-35,2024,2,7162.004573911173
663,34,F,Silver,2024-10-24,26-35,2024,1,932.1554256716337
664,26,F,Silver,2024-10-25,26-35,2024,1,2899.4389595035773
665,24,F,Platinum,2024-10-26,18-25,2024,1,529.252540381983
666,36,F,Gold,2024-10-27,36-50,2024,3,1706.294716858843
667,31,M,Silver,2024-10-28,26-35,2024,2,11329.34960429559
668,57,M,Silver,2024-10-29,50+,2024,0,4095.8783424333155
669,18,F,Silver,2024-10-30,18-25,2024,2,14036.166536932365
670,51,F,Bronze,2024-10-31,50+,2024,1,1299.9087899439364
671,53,M,Bronze,2024-11-01,50+,2024,0,2216.0441469346974
672,18,F,Bronze,2024-11-02,18-25,2024,1,983.235159604502
673,29,F,Silver,2024-11-03,26-35,2024,0,256.7657735408707
674,29,F,Silver,2024-11-04,26-35,2024,3,3248.043187591607
675,18,F,Bronze,2024-11-05,18-25,2024,0,88.5425701913276
676,23,M,Platinum,2024-11-06,18-25,2024,1,1097.7018139942343
677,18,F,Platinum,2024-11-07,18-25,2024,0,1918.771156678607
678,61,F,Gold,2024-11-08,50+,2024,0,884.964237981091
679,49,M,Silver,2024-11-09,36-50,2024,0,2337.004774011065
680,54,M,Gold,2024-11-10,50+,2024,3,5076.807903152867
681,45,F,Bronze,2024-11-11,36-50,2024,0,1614.0607655827241
682,18,M,Gold,2024-11-12,18-25,2024,0,1411.163127896874
683,27,F,Bronze,2024-11-13,26-35,2024,1,1367.955375456807
684,42,F,Gold,2024-11-14,36-50,2024,0,2354.2519595392455
685,18,M,Bronze,2024-11-15,18-25,2024,3,5436.018076825505
686,45,F,Gold,2024-11-16,36-50,2024,0,327.64300963752817
687,31,F,Platinum,2024-11-17,26-35,2024,1,2158.969449179603
688,29,F,Bronze,2024-11-18,26-35,2024,3,5460.5000654260375
689,45,F,Silver,2024-11-19,36-50,2024,0,355.899636265146
690,41,M,Platinum,2024-11-20,36-50,2024,2,7699.195062207951
691,29,M,Silver,2024-11-21,26-35,2024,0,904.0437356753125
692,52,F,Gold,2024-11-22,50+,2024,2,9258.865377672126
693,18,M,Silver,2024-11-23,18-25,2024,2,9471.524868824057
694,44,F,Bronze,2024-11-24,36-50,2024,3,6638.000642504997
695,43,F,Bronze,2024-11-25,36-50,2024,0,42.1961428811722
696,30,F,Bronze,2024-11-26,26-35,2024,0,1391.261412276507
697,39,F,Gold,2024-11-27,36-50,2024,2,5626.378344363117
698,18,F,Bronze,2024-11-28,18-25,2024,0,957.079232378668
699,48,M,Silver,2024-11-29,36-50,2024,3,3349.2760883534074
700,32,F,Silver,2024-11-30,26-35,2024,3,1532.1188595331357
701,27,M,Silver,2024-12-01,26-35,2024,1,2833.157702147178
702,50,M,Gold,2024-12-02,36-50,2024,3,7839.867864307699
703,24,F,Platinum,2024-12-03,18-25,2024,1,780.8677001337946
704,18,F,Silver,2024-12-04,18-25,2024,0,1380.107385472736
705,18,F,Gold,2024-12-05,18-25,2024,3,8595.12192654771
706,44,F,Gold,2024-12-06,36-50,2024,1,671.0970630612285
707,18,F,Silver,2024-12-07,18-25,2024,0,277.16113478531514
708,61,M,Platinum,2024-12-08,50+,2024,0,1097.7018139942343
709,18,F,Bronze,2024-12-09,18-25,2024,1,444.10142927441007
710,60,F,Bronze,2024-12-10,50+,2024,1,5210.851322637659
711,38,M,Gold,2024-12-11,36-50,2024,2,7418.676936998547
712,33,M,Silver,2024-12-12,26-35,2024,0,937.9456264005761
713,26,F,Gold,2024-12-13,26-35,2024,0,2837.235417429548
714,40,M,Gold,2024-12-14,36-50,2024,1,155.71679414774457
715,34,F,Bronze,2024-12-15,26-35,2024,3,1569.1511471985411
716,51,M,Gold,2024-12-16,50+,2024,2,7877.099178505927
717,36,M,Silver,2024-12-17,36-50,2024,2,5992.89791990314
718,37,F,Silver,2024-12-18,36-50,2024,1,42.1961428811722
719,29,M,Silver,2024-12-19,26-35,2024,0,2682.454302632739
720,34,M,Platinum,2024-12-20,26-35,2024,0,1143.9315226861233
721,39,M,Bronze,2024-12-21,36-50,2024,3,3232.7668234301636
722,18,M,Silver,2024-12-22,18-25,2024,1,327.64300963752817
723,18,M,Silver,2024-12-23,18-25,2024,1,1805.2453829014369
724,46,M,Gold,2024-12-24,36-50,2024,3,2452.174728731466
725,37,F,Silver,2024-12-25,36-50,2024,0,4818.795912207112
726,32,F,Bronze,2024-12-26,26-35,2024,1,2209.0257350460183
727,35,M,Bronze,2024-12-27,26-35,2024,3,6434.645638469582
728,40,F,Bronze,2024-12-28,36-50,2024,3,2630.463888184899
729,26,F,Gold,2024-12-29,26-35,2024,1,258.8330917170837
730,23,F,Bronze,2024-12-30,18-25,2024,3,2903.516674785947
731,37,M,Bronze,2024-12-31,36-50,2024,1,401.4519305167946
732,20,F,Platinum,2025-01-01,18-25,2025,2,7253.855961484125
733,41,M,Bronze,2025-01-02,36-50,2025,1,1303.0730688787821
734,18,F,Platinum,2025-01-03,18-25,2025,0,722.1157005619464
735,50,M,Silver,2025-01-04,36-50,2025,0,2240.0891055085153
736,42,M,Gold,2025-01-05,36-50,2025,0,1890.249496930913
737,38,F,Bronze,2025-01-06,36-50,2025,0,1682.687609021153
738,49,F,Bronze,2025-01-07,36-50,2025,0,1867.2073239295823
739,59,M,Gold,2025-01-08,50+,2025,0,1648.531476838234
740,50,F,Gold,2025-01-09,36-50,2025,3,3202.0646170075615
741,18,F,Gold,2025-01-10,18-25,2025,1,6629.572061615302
742,18,F,Bronze,2025-01-11,18-25,2025,0,2163.047164461973
743,25,M,Gold,2025-01-12,18-25,2025,1,512.5256085783403
744,35,M,Gold,2025-01-13,26-35,2025,3,2649.9495490159893
745,42,F,Silver,2025-01-14,36-50,2025,2,13272.27676509607
746,24,F,Gold,2025-01-15,18-25,2025,2,13533.026993729098
747,37,F,Gold,2025-01-16,36-50,2025,0,1227.1395654655314
748,23,M,Silver,2025-01-17,18-25,2025,1,2672.7323367711588
749,25,M,Bronze,2025-01-18,18-25,2025,1,5432.734321276277
750,18,F,Silver,2025-01-19,18-25,2025,3,6129.105512964263
751,21,F,Bronze,2025-01-20,18-25,2025,3,8813.674237851528
752,18,F,Silver,2025-01-21,18-25,2025,1,904.0437356753125
753,20,F,Silver,2025-01-22,18-25,2025,3,3970.257306729267
754,50,F,Bronze,2025-01-23,36-50,2025,2,8131.785755632696
755,20,F,Bronze,2025-01-24,18-25,2025,2,4412.225976463182
756,74,M,Bronze,2025-01-25,50+,2025,0,324.00744808333013
757,42,F,Gold,2025-01-26,36-50,2025,0,2098.2890574083012
758,37,M,Platinum,2025-01-27,36-50,2025,3,2222.324347871574
759,22,F,Bronze,2025-01-28,18-25,2025,1,902.8943831492389
760,45,F,Platinum,2025-01-29,36-50,2025,0,2487.5777400912857
761,26,M,Silver,2025-01-30,26-35,2025,3,5322.819511718708
762,36,M,Bronze,2025-01-31,36-50,2025,1,733.9455936319742
763,73,M,Bronze,2025-02-01,50+,2025,0,856.544038247914
764,33,M,Silver,2025-02-02,26-35,2025,3,4403.223927466508
765,52,F,Gold,2025-02-03,50+,2025,0,1996.9427025203129
766,24,M,Gold,2025-02-04,18-25,2025,3,5293.5652395563575
767,34,F,Bronze,2025-02-05,26-35,2025,0,1695.1534295544811
768,61,M,Bronze,2025-02-06,50+,2025,1,3321.06412732044
769,25,F,Silver,2025-02-07,18-25,2025,0,1806.1345005237995
770,62,F,Bronze,2025-02-08,50+,2025,0,1307.1507841611515
771,45,F,Bronze,2025-02-09,36-50,2025,2,7681.093234556324
772,26,F,Bronze,2025-02-10,26-35,2025,0,1222.7853105813688
773,44,F,Gold,2025-02-11,36-50,2025,0,4441.720889537173
774,49,F,Platinum,2025-02-12,36-50,2025,1,883.7488575184477
775,44,M,Silver,2025-02-13,36-50,2025,0,1806.1345005237995
776,18,F,Platinum,2025-02-14,18-25,2025,1,703.9449774748848
777,24,M,Bronze,2025-02-15,18-25,2025,2,13096.884511567325
778,31,M,Silver,2025-02-16,26-35,2025,3,2190.1349425928834
779,33,F,Bronze,2025-02-17,26-35,2025,3,4357.842727625
780,44,M,Silver,2025-02-18,36-50,2025,1,1042.9574470487262
781,37,F,Platinum,2025-02-19,36-50,2025,0,2521.476320676996
782,18,M,Silver,2025-02-20,18-25,2025,0,490.3765820174671
783,40,F,Bronze,2025-02-21,36-50,2025,1,1785.4250443558817
784,44,M,Silver,2025-02-22,36-50,2025,0,2479.2963572677586
785,43,F,Bronze,2025-02-23,36-50,2025,2,7820.36006761455
786,51,F,Gold,2025-02-24,50+,2025,0,1242.7955807493558
787,47,F,Silver,2025-02-25,36-50,2025,3,4925.73101096492
788,41,F,Silver,2025-02-26,36-50,2025,1,674.2605887338839
789,33,M,Silver,2025-02-27,26-35,2025,1,539.494931356638
790,18,F,Silver,2025-02-28,18-25,2025,2,14796.785461418516
791,41,M,Bronze,2025-03-01,36-50,2025,3,6856.882570313596
792,38,M,Silver,2025-03-02,36-50,2025,1,932.1554256716337
793,39,M,Bronze,2025-03-03,36-50,2025,3,4171.867522088155
794,18,F,Gold,2025-03-04,18-25,2025,3,11694.049919102416
795,18,M,Gold,2025-03-05,18-25,2025,0,927.4071470807414
796,50,M,Gold,2025-03-06,36-50,2025,1,1176.512172126874
797,34,M,Silver,2025-03-07,26-35,2025,0,2776.4891606657866
798,45,F,Silver,2025-03-08,36-50,2025,3,4388.83948845017
799,35,F,Bronze,2025-03-09,26-35,2025,3,3823.1156732810573
800,35,M,Gold,2025-03-10,26-35,2025,1,1822.2696505009574
801,49,F,Bronze,2025-03-11,36-50,2025,0,86.4752520151147
802,27,F,Silver,2025-03-12,26-35,2025,3,4783.128105389169
803,36,M,Bronze,2025-03-13,36-50,2025,3,5792.150075586854
804,28,M,Bronze,2025-03-14,26-35,2025,1,1802.0567852414301
805,28,F,Silver,2025-03-15,26-35,2025,1,810.796326964779
806,30,M,Bronze,2025-03-16,26-35,2025,3,2502.9293797752844
807,38,F,Gold,2025-03-17,36-50,2025,2,4507.300215338084
808,27,F,Bronze,2025-03-18,26-35,2025,1,3202.0646170075615
809,53,F,Bronze,2025-03-19,50+,2025,0,2374.9711942957783
810,21,F,Silver,2025-03-20,18-25,2025,2,5211.480628314427
811,32,F,Bronze,2025-03-21,26-35,2025,0,1222.9022237072734
812,28,F,Bronze,2025-03-22,26-35,2025,1,4130.910790767702
813,56,M,Gold,2025-03-23,50+,2025,0,2603.8027180313393
814,37,M,Bronze,2025-03-24,36-50,2025,2,9402.355824390395
815,50,F,Gold,2025-03-25,36-50,2025,2,9849.990647211924
816,18,F,Bronze,2025-03-26,18-25,2025,3,2391.89724060204
817,39,F,Bronze,2025-03-27,36-50,2025,1,589.4110350464553
818,48,M,Gold,2025-03-28,36-50,2025,3,2382.2086775339585
819,36,F,Bronze,2025-03-29,36-50,2025,0,1806.1345005237995
820,50,M,Bronze,2025-03-30,36-50,2025,1,786.7672990197583
821,27,F,Bronze,2025-03-31,26-35,2025,1,1414.0541398481005
822,56,F,Bronze,2025-04-01,50+,2025,0,1773.9450952451089
823,69,M,Gold,2025-04-02,50+,2025,2,15036.102238245296
824,29,M,Bronze,2025-04-03,26-35,2025,2,6963.671203086516
825,28,F,Gold,2025-04-04,26-35,2025,1,2603.8027180313393
826,56,F,Gold,2025-04-05,50+,2025,1,883.7488575184477
827,58,F,Silver,2025-04-06,50+,2025,1,1806.1345005237995
828,27,M,Platinum,2025-04-07,26-35,2025,3,5000.026078563799
829,28,M,Bronze,2025-04-08,26-35,2025,0,2816.574020114637
830,30,M,Platinum,2025-04-09,26-35,2025,1,267.5841057654068
831,18,M,Bronze,2025-04-10,18-25,2025,2,10345.385676241704
832,21,M,Silver,2025-04-11,18-25,2025,2,5648.54172953041
833,19,M,Silver,2025-04-12,18-25,2025,2,14445.35162669153
834,23,F,Bronze,2025-04-13,18-25,2025,1,642.9535668645572
835,34,F,Silver,2025-04-14,26-35,2025,1,1733.6655455083508
836,38,M,Gold,2025-04-15,36-50,2025,2,14336.761937960408
837,58,F,Bronze,2025-04-16,50+,2025,0,86.4752520151147
838,20,F,Bronze,2025-04-17,18-25,2025,3,2748.5863515213364
839,49,M,Gold,2025-04-18,36-50,2025,0,1585.7075065492238
840,31,F,Silver,2025-04-19,26-35,2025,1,771.7220797345144
841,34,M,Platinum,2025-04-20,26-35,2025,2,8336.41422002862
842,45,M,Gold,2025-04-21,36-50,2025,0,880.8865226987215
843,18,F,Platinum,2025-04-22,18-25,2025,2,5731.9605381813535
844,40,M,Gold,2025-04-23,36-50,2025,0,2776.4891606657866
845,37,M,Bronze,2025-04-24,36-50,2025,0,930.8808053516616
846,42,M,Bronze,2025-04-25,36-50,2025,1,1634.8759414250544
847,39,M,Gold,2025-04-26,36-50,2025,2,9909.073226961147
848,71,M,Silver,2025-04-27,50+,2025,3,6695.666526899659
849,25,M,Bronze,2025-04-28,18-25,2025,1,3745.967023935352
850,27,M,Bronze,2025-04-29,26-35,2025,3,3032.214477328167
851,25,M,Platinum,2025-04-30,18-25,2025,1,2216.0441469346974
852,26,F,Silver,2025-05-01,26-35,2025,0,587.6387548096257
853,25,F,Silver,2025-05-02,18-25,2025,3,6212.4545051471905
854,52,F,Silver,2025-05-03,50+,2025,3,3101.5712317444427
855,56,M,Bronze,2025-05-04,50+,2025,0,531.3451896291772
856,26,M,Bronze,2025-05-05,26-35,2025,1,537.4969650713235
857,22,F,Bronze,2025-05-06,18-25,2025,0,816.939845095811
858,42,F,Bronze,2025-05-07,36-50,2025,0,1918.771156678607
859,26,F,Gold,2025-05-08,26-35,2025,0,1414.0541398481005
860,44,M,Silver,2025-05-09,36-50,2025,0,308.0346765137836
861,38,F,Gold,2025-05-10,36-50,2025,1,1129.891219272925
862,18,F,Gold,2025-05-11,18-25,2025,1,2209.0257350460183
863,58,M,Bronze,2025-05-12,50+,2025,3,6498.863725476473
864,61,F,Silver,2025-05-13,50+,2025,3,6571.544974455381
865,25,M,Silver,2025-05-14,18-25,2025,0,1088.5849044308418
866,29,M,Gold,2025-05-15,26-35,2025,2,12683.453411909177
867,39,M,Bronze,2025-05-16,36-50,2025,2,6609.154092691372
868,40,F,Silver,2025-05-17,36-50,2025,0,3379.3624311466924
869,44,F,Silver,2025-05-18,36-50,2025,2,9865.10009209661
870,65,M,Bronze,2025-05-19,50+,2025,3,1857.4455023625362
871,32,F,Bronze,2025-05-20,26-35,2025,1,4379.239173448053
872,23,F,Silver,2025-05-21,18-25,2025,1,2239.5232411628494
873,18,F,Gold,2025-05-22,18-25,2025,2,8971.648451585652
874,24,F,Bronze,2025-05-23,18-25,2025,3,9884.72810181081
875,34,M,Silver,2025-05-24,26-35,2025,1,2672.7323367711588
876,61,F,Bronze,2025-05-25,50+,2025,1,1299.9087899439364
877,27,M,Gold,2025-05-26,26-35,2025,3,4256.804789164382
878,38,M,Bronze,2025-05-27,36-50,2025,3,6618.121006550353
879,34,F,Gold,2025-05-28,26-35,2025,2,4174.805260906011
880,52,M,Bronze,2025-05-29,50+,2025,3,2498.8516644929146
881,72,F,Bronze,2025-05-30,50+,2025,3,2903.516674785947
882,27,F,Bronze,2025-05-31,26-35,2025,1,1303.0730688787821
883,27,M,Bronze,2025-06-01,26-35,2025,2,5641.332846253361
884,50,M,Silver,2025-06-02,36-50,2025,0,2354.2519595392455
885,45,M,Bronze,2025-06-03,36-50,2025,0,845.0515350921322
886,62,M,Gold,2025-06-04,50+,2025,1,4717.065964321643
887,43,F,Bronze,2025-06-05,36-50,2025,2,9783.873061189166
888,29,F,Bronze,2025-06-06,26-35,2025,1,88.5425701913276
889,43,F,Bronze,2025-06-07,36-50,2025,0,3197.9869017251917
890,51,M,Bronze,2025-06-08,50+,2025,0,492.3444904983939
891,47,M,Bronze,2025-06-09,36-50,2025,1,1531.15809102058
892,42,M,Silver,2025-06-10,36-50,2025,3,4221.92380795457
893,51,F,Silver,2025-06-11,50+,2025,0,2334.218984884169
894,52,M,Silver,2025-06-12,50+,2025,0,612.8128269888547
895,55,F,Silver,2025-06-13,50+,2025,2,13075.38539325907
896,44,M,Silver,2025-06-14,36-50,2025,1,1325.9576057908732
897,32,F,Bronze,2025-06-15,26-35,2025,0,387.17568720781696
898,37,F,Silver,2025-06-16,36-50,2025,3,3353.3538036357772
899,53,M,Platinum,2025-06-17,50+,2025,0,2898.767758842272
900,22,M,Silver,2025-06-18,18-25,2025,1,1414.0541398481005
901,40,F,Silver,2025-06-19,36-50,2025,3,5804.814518406093
902,29,F,Bronze,2025-06-20,26-35,2025,2,4967.296376506044
903,35,M,Gold,2025-06-21,26-35,2025,3,4171.867522088155
904,54,M,Gold,2025-06-22,50+,2025,3,7601.564131995295
905,37,F,Silver,2025-06-23,36-50,2025,1,3077.805694295689
906,35,M,Platinum,2025-06-24,26-35,2025,1,932.1554256716337
907,18,F,Bronze,2025-06-25,18-25,2025,2,7142.422329611028
908,46,F,Bronze,2025-06-26,36-50,2025,1,3024.194017274752
909,44,M,Gold,2025-06-27,36-50,2025,0,4414.1810300534735
910,67,M,Gold,2025-06-28,50+,2025,0,2903.516674785947
911,30,M,Bronze,2025-06-29,26-35,2025,3,3101.220258508388
912,38,M,Bronze,2025-06-30,36-50,2025,3,2261.7738178970026
913,38,M,Bronze,2025-07-01,36-50,2025,0,1890.5453578141085
914,58,F,Bronze,2025-07-02,50+,2025,0,4626.807317736041
915,33,F,Gold,2025-07-03,26-35,2025,2,5626.378344363117
916,39,M,Silver,2025-07-04,36-50,2025,1,1634.386277960787
917,44,M,Bronze,2025-07-05,36-50,2025,2,4444.706024077301
918,37,M,Bronze,2025-07-06,36-50,2025,2,7497.45822031516
919,28,F,Bronze,2025-07-07,26-35,2025,1,796.7956812516554
920,37,M,Bronze,2025-07-08,36-50,2025,0,969.7556653604141
921,51,M,Silver,2025-07-09,50+,2025,0,1414.0541398481005
922,19,F,Platinum,2025-07-10,18-25,2025,1,1434.1862844297668
923,36,F,Gold,2025-07-11,36-50,2025,3,5940.153487006919
924,24,M,Bronze,2025-07-12,18-25,2025,1,3896.0002043180484
925,52,M,Gold,2025-07-13,50+,2025,0,2618.5983356223737
926,18,M,Gold,2025-07-14,18-25,2025,2,12463.986336207592
927,26,F,Gold,2025-07-15,26-35,2025,1,608.7351117064852
928,40,M,Silver,2025-07-16,36-50,2025,3,3583.9267340223137
929,58,M,Bronze,2025-07-17,50+,2025,2,17806.492376264894
930,34,M,Bronze,2025-07-18,26-35,2025,0,1609.9830503003548
931,26,F,Bronze,2025-07-19,26-35,2025,3,3185.166905380581
932,63,F,Bronze,2025-07-20,50+,2025,0,1015.4245648831926
933,18,M,Bronze,2025-07-21,18-25,2025,0,1317.7454341179928
934,18,M,Silver,2025-07-22,18-25,2025,3,1863.5148377507044
935,41,F,Gold,2025-07-23,36-50,2025,3,5197.861182978662
936,27,F,Silver,2025-07-24,26-35,2025,2,7334.160133244188
937,19,F,Bronze,2025-07-25,18-25,2025,2,8297.268462254486
938,45,F,Platinum,2025-07-26,36-50,2025,1,1648.3789396919744
939,38,F,Platinum,2025-07-27,36-50,2025,0,2209.0257350460183
940,26,F,Gold,2025-07-28,26-35,2025,0,756.5929267430395
941,18,F,Platinum,2025-07-29,18-25,2025,3,2013.182294479364
942,48,F,Silver,2025-07-30,36-50,2025,0,4347.837522161078
943,44,F,Platinum,2025-07-31,36-50,2025,2,12822.083263775448
944,33,M,Bronze,2025-08-01,26-35,2025,3,2148.1759652397322
945,62,M,Bronze,2025-08-02,50+,2025,3,8998.11606389384
946,18,M,Bronze,2025-08-03,18-25,2025,0,85.6426072010692
947,18,F,Bronze,2025-08-04,18-25,2025,1,1760.4929757742996
948,24,M,Bronze,2025-08-05,18-25,2025,1,2954.3597603985972
949,34,F,Silver,2025-08-06,26-35,2025,2,8266.393465967045
950,38,F,Gold,2025-08-07,36-50,2025,0,1721.3959116535993
951,31,M,Silver,2025-08-08,26-35,2025,3,6272.018886967306
952,40,F,Bronze,2025-08-09,36-50,2025,1,2059.2810588706557
953,18,M,Gold,2025-08-10,18-25,2025,2,8676.234947713587
954,56,M,Silver,2025-08-11,50+,2025,3,4301.837070565867
955,33,M,Bronze,2025-08-12,26-35,2025,2,10578.900604355722
956,51,F,Silver,2025-08-13,50+,2025,1,3480.46265949586
957,40,M,Bronze,2025-08-14,36-50,2025,0,1172.0432126824446
958,41,F,Bronze,2025-08-15,36-50,2025,3,3693.950221878135
959,43,M,Platinum,2025-08-16,36-50,2025,3,4221.92380795457
960,41,M,Bronze,2025-08-17,36-50,2025,1,848.6971174200307
961,44,M,Silver,2025-08-18,36-50,2025,1,267.5841057654068
962,54,F,Gold,2025-08-19,50+,2025,0,1015.3634684510432
963,37,F,Gold,2025-08-20,36-50,2025,0,3024.194017274752
964,45,F,Bronze,2025-08-21,36-50,2025,0,1676.4906296882957
965,33,M,Bronze,2025-08-22,26-35,2025,2,7479.423167961795
966,56,M,Bronze,2025-08-23,50+,2025,0,902.8943831492389
967,24,F,Silver,2025-08-24,18-25,2025,0,216.85458597946234
968,62,F,Silver,2025-08-25,50+,2025,0,1226.8630258637381
969,34,F,Bronze,2025-08-26,26-35,2025,1,623.9058753706857
970,18,F,Platinum,2025-08-27,18-25,2025,3,3500.379366417955
971,36,F,Silver,2025-08-28,36-50,2025,3,4596.203819192178
972,24,F,Bronze,2025-08-29,18-25,2025,1,1393.0003657506113
973,47,M,Silver,2025-08-30,36-50,2025,3,2222.324347871574
974,25,F,Silver,2025-08-31,18-25,2025,2,4530.7976692215825
975,28,M,Bronze,2025-09-01,26-35,2025,3,1773.9871941109338
976,18,M,Bronze,2025-09-02,18-25,2025,2,8369.67978179274
977,28,F,Gold,2025-09-03,26-35,2025,0,86.4752520151147
978,18,F,Silver,2025-09-04,18-25,2025,0,2073.6694742669324
979,18,M,Silver,2025-09-05,18-25,2025,3,4826.532333459263
980,46,F,Silver,2025-09-06,36-50,2025,2,5995.153665723822
981,46,F,Bronze,2025-09-07,36-50,2025,3,3425.2921800615127
982,41,M,Bronze,2025-09-08,36-50,2025,3,4437.819007202071
983,20,M,Silver,2025-09-09,18-25,2025,1,3761.8587996043734
984,34,M,Bronze,2025-09-10,26-35,2025,3,3734.0065642761538
985,34,F,Bronze,2025-09-11,26-35,2025,3,6109.20833484983
986,18,M,Gold,2025-09-12,18-25,2025,0,331.72072491989763
987,57,F,Platinum,2025-09-13,50+,2025,2,7129.024449749123
988,48,M,Gold,2025-09-14,36-50,2025,3,3106.009433812294
989,31,M,Gold,2025-09-15,26-35,2025,2,11021.321992095769
990,35,M,Bronze,2025-09-16,26-35,2025,3,5698.98573764156
991,38,F,Platinum,2025-09-17,36-50,2025,1,1360.567430235139
992,18,F,Bronze,2025-09-18,18-25,2025,3,7061.546882778449
993,31,M,Platinum,2025-09-19,26-35,2025,1,2008.6272595501441
994,24,M,Platinum,2025-09-20,18-25,2025,2,3818.4268367521263
995,19,M,Gold,2025-09-21,18-25,2025,1,3284.5460572193365
996,30,F,Platinum,2025-09-22,26-35,2025,0,1143.010306926107
997,61,M,Silver,2025-09-23,50+,2025,0,3947.7504561199485
998,44,F,Bronze,2025-09-24,36-50,2025,0,1814.2867552722496
999,26,M,Silver,2025-09-25,26-35,2025,0,84.33371184997381
1000,43,M,Silver,2025-09-26,36-50,2025,3,3817.6302934595437
